{
    "name": "root",
    "gauges": {
        "MyBehavior.Policy.Entropy.mean": {
            "value": 1.081972599029541,
            "min": 0.9751896262168884,
            "max": 1.081972599029541,
            "count": 2
        },
        "MyBehavior.Policy.Entropy.sum": {
            "value": 54070.5,
            "min": 48793.61328125,
            "max": 54070.5,
            "count": 2
        },
        "MyBehavior.Step.mean": {
            "value": 99945.0,
            "min": 49971.0,
            "max": 99945.0,
            "count": 2
        },
        "MyBehavior.Step.sum": {
            "value": 99945.0,
            "min": 49971.0,
            "max": 99945.0,
            "count": 2
        },
        "MyBehavior.Policy.ExtrinsicValueEstimate.mean": {
            "value": -3.4682343006134033,
            "min": -3.4682343006134033,
            "max": -2.4734320640563965,
            "count": 2
        },
        "MyBehavior.Policy.ExtrinsicValueEstimate.sum": {
            "value": -3832.39892578125,
            "min": -3832.39892578125,
            "max": -2636.678466796875,
            "count": 2
        },
        "MyBehavior.Environment.EpisodeLength.mean": {
            "value": 71.95474452554744,
            "min": 71.95474452554744,
            "max": 82.00830564784053,
            "count": 2
        },
        "MyBehavior.Environment.EpisodeLength.sum": {
            "value": 49289.0,
            "min": 49289.0,
            "max": 49369.0,
            "count": 2
        },
        "MyBehavior.Environment.CumulativeReward.mean": {
            "value": -11.508028862946224,
            "min": -25.110963332494627,
            "max": -11.508028862946224,
            "count": 2
        },
        "MyBehavior.Environment.CumulativeReward.sum": {
            "value": -7882.999771118164,
            "min": -15116.799926161766,
            "max": -7882.999771118164,
            "count": 2
        },
        "MyBehavior.Policy.ExtrinsicReward.mean": {
            "value": -11.508028862946224,
            "min": -25.110963332494627,
            "max": -11.508028862946224,
            "count": 2
        },
        "MyBehavior.Policy.ExtrinsicReward.sum": {
            "value": -7882.999771118164,
            "min": -15116.799926161766,
            "max": -7882.999771118164,
            "count": 2
        },
        "MyBehavior.Losses.PolicyLoss.mean": {
            "value": 0.02460133681849887,
            "min": 0.023735474661225456,
            "max": 0.02460133681849887,
            "count": 2
        },
        "MyBehavior.Losses.PolicyLoss.sum": {
            "value": 0.12300668409249435,
            "min": 0.09494189864490182,
            "max": 0.12300668409249435,
            "count": 2
        },
        "MyBehavior.Losses.ValueLoss.mean": {
            "value": 19.943119519551594,
            "min": 17.68883677323659,
            "max": 19.943119519551594,
            "count": 2
        },
        "MyBehavior.Losses.ValueLoss.sum": {
            "value": 99.71559759775796,
            "min": 70.75534709294637,
            "max": 99.71559759775796,
            "count": 2
        },
        "MyBehavior.Policy.LearningRate.mean": {
            "value": 0.0002568699743766801,
            "min": 0.0002568699743766801,
            "max": 0.0002845876551374499,
            "count": 2
        },
        "MyBehavior.Policy.LearningRate.sum": {
            "value": 0.0012843498718834005,
            "min": 0.0011383506205497997,
            "max": 0.0012843498718834005,
            "count": 2
        },
        "MyBehavior.Policy.Epsilon.mean": {
            "value": 0.18562331999999998,
            "min": 0.18562331999999998,
            "max": 0.19486255000000005,
            "count": 2
        },
        "MyBehavior.Policy.Epsilon.sum": {
            "value": 0.9281165999999998,
            "min": 0.7794502000000002,
            "max": 0.9281165999999998,
            "count": 2
        },
        "MyBehavior.Policy.Beta.mean": {
            "value": 0.004282603668,
            "min": 0.004282603668,
            "max": 0.004743641245,
            "count": 2
        },
        "MyBehavior.Policy.Beta.sum": {
            "value": 0.02141301834,
            "min": 0.01897456498,
            "max": 0.02141301834,
            "count": 2
        },
        "MyBehavior.IsTraining.mean": {
            "value": 1.0,
            "min": 1.0,
            "max": 1.0,
            "count": 2
        },
        "MyBehavior.IsTraining.sum": {
            "value": 1.0,
            "min": 1.0,
            "max": 1.0,
            "count": 2
        }
    },
    "metadata": {
        "timer_format_version": "0.1.0",
        "start_time_seconds": "1742320977",
        "python_version": "3.9.13 (tags/v3.9.13:6de2ca5, May 17 2022, 16:36:42) [MSC v.1929 64 bit (AMD64)]",
        "command_line_arguments": "C:\\AI_2025\\AI_PROJECT2025\\AI_Project2025\\venv\\Scripts\\mlagents-learn --run-id=LATEST3",
        "mlagents_version": "0.30.0",
        "mlagents_envs_version": "0.30.0",
        "communication_protocol_version": "1.5.0",
        "pytorch_version": "2.6.0+cu126",
        "numpy_version": "1.21.2",
        "end_time_seconds": "1742322241"
    },
    "total": 1264.1944935000001,
    "count": 1,
    "self": 0.006501600000092367,
    "children": {
        "run_training.setup": {
            "total": 0.04228450000000006,
            "count": 1,
            "self": 0.04228450000000006
        },
        "TrainerController.start_learning": {
            "total": 1264.1457074,
            "count": 1,
            "self": 2.4317556999938006,
            "children": {
                "TrainerController._reset_env": {
                    "total": 10.4167005,
                    "count": 1,
                    "self": 10.4167005
                },
                "TrainerController.advance": {
                    "total": 1251.0293368000061,
                    "count": 121041,
                    "self": 2.2535840000057306,
                    "children": {
                        "env_step": {
                            "total": 1207.8774997000066,
                            "count": 121041,
                            "self": 723.7779971000449,
                            "children": {
                                "SubprocessEnvManager._take_step": {
                                    "total": 482.5674352999607,
                                    "count": 121041,
                                    "self": 6.992938799976571,
                                    "children": {
                                        "TorchPolicy.evaluate": {
                                            "total": 475.57449649998415,
                                            "count": 119647,
                                            "self": 475.57449649998415
                                        }
                                    }
                                },
                                "workers": {
                                    "total": 1.532067300001028,
                                    "count": 121040,
                                    "self": 0.0,
                                    "children": {
                                        "worker_root": {
                                            "total": 1246.9496992999968,
                                            "count": 121040,
                                            "is_parallel": true,
                                            "self": 638.8028228000039,
                                            "children": {
                                                "steps_from_proto": {
                                                    "total": 0.000510699999999531,
                                                    "count": 1,
                                                    "is_parallel": true,
                                                    "self": 0.0002298999999990059,