{
    "name": "root",
    "metadata": {
        "timer_format_version": "0.1.0",
        "start_time_seconds": "1741461248",
        "python_version": "3.9.13 (tags/v3.9.13:6de2ca5, May 17 2022, 16:36:42) [MSC v.1929 64 bit (AMD64)]",
        "command_line_arguments": "C:\\AI_2025\\AI_PROJECT2025\\AI_Project2025\\venv\\Scripts\\mlagents-learn --run-id=test1",
        "mlagents_version": "0.30.0",
        "mlagents_envs_version": "0.30.0",
        "communication_protocol_version": "1.5.0",
        "pytorch_version": "2.6.0+cpu",
        "numpy_version": "1.21.2",
        "end_time_seconds": "1741461297"
    },
    "total": 49.3284356,
    "count": 1,
    "self": 0.006960199999994643,
    "children": {
        "run_training.setup": {
            "total": 0.13702700000000023,
            "count": 1,
            "self": 0.13702700000000023
        },
        "TrainerController.start_learning": {
            "total": 49.1844484,
            "count": 1,
            "self": 0.04060809999990056,
            "children": {
                "TrainerController._reset_env": {
                    "total": 19.1402317,
                    "count": 1,
                    "self": 19.1402317
                },
                "TrainerController.advance": {
                    "total": 29.746236700000093,
                    "count": 1943,
                    "self": 0.03483290000000139,
                    "children": {
                        "env_step": {
                            "total": 29.360502699999977,
                            "count": 1943,
                            "self": 26.674106400000273,
                            "children": {
                                "SubprocessEnvManager._take_step": {
                                    "total": 2.6612435999997643,
                                    "count": 1943,
                                    "self": 0.0945977999997929,
                                    "children": {
                                        "TorchPolicy.evaluate": {
                                            "total": 2.5666457999999714,
                                            "count": 1827,
                                            "self": 2.5666457999999714
                                        }
                                    }
                                },
                                "workers": {
                                    "total": 0.025152699999939188,
                                    "count": 1942,
                                    "self": 0.0,
                                    "children": {
                                        "worker_root": {
                                            "total": 21.073907600000023,
                                            "count": 1942,
                                            "is_parallel": true,
                                            "self": 13.911308800000072,
                                            "children": {
                                                "steps_from_proto": {
                                                    "total": 0.0005363000000002671,
                                                    "count": 1,
                                                    "is_parallel": true,
                                                    "self": 0.0002967999999992088,
                                                    "children": {
                                                        "_process_rank_one_or_two_observation": {
                                                            "total": 0.0002395000000010583,
                                                            "count": 2,
                                                            "is_parallel": true,
                                                            "self": 0.0002395000000010583
                                                        }
                                                    }
                                                },
                                                "UnityEnvironment.step": {
                                                    "total": 7.162062499999951,
                                                    "count": 1942,
                                                    "is_parallel": true,
                                                    "self": 0.14534019999997483,
                                                    "children": {
                                                        "UnityEnvironment._generate_step_input": {
                                                            "total": 0.12361210000003453,
                                                            "count": 1942,
                                                            "is_parallel": true,
                                                            "self": 0.12361210000003453
                                                        },
                                                        "communicator.exchange": {
                                                            "total": 6.405699899999991,
                                                            "count": 1942,
                                                            "is_parallel": true,
                                                            "self": 6.405699899999991
                                                        },
                                                        "steps_from_proto": {
                                                            "total": 0.4874102999999508,
                                                            "count": 1942,
                                                            "is_parallel": true,
                                                            "self": 0.2933709000000313,
                                                            "children": {
                                                                "_process_rank_one_or_two_observation": {
                                                                    "total": 0.19403939999991948,
                                                                    "count": 3884,
                                                                    "is_parallel": true,
                                                                    "self": 0.19403939999991948
                                                                }
                                                            }
                                                        }
                                                    }
                                                }
                                            }
                                        }
                                    }
                                }
                            }
                        },
                        "trainer_advance": {
                            "total": 0.3509011000001152,
                            "count": 1942,
                            "self": 0.04449430000002508,
                            "children": {
                                "process_trajectory": {
                                    "total": 0.30640680000009013,
                                    "count": 1942,
                                    "self": 0.30640680000009013
                                }
                            }
                        }
                    }
                },
                "trainer_threads": {
                    "total": 9.999999974752427e-07,
                    "count": 1,
                    "self": 9.999999974752427e-07
                },
                "TrainerController._save_models": {
                    "total": 0.25737090000000507,
                    "count": 1,
                    "self": 0.014427100000006021,