{
    "name": "root",
    "gauges": {
        "MyBehavior.Policy.Entropy.mean": {
            "value": 1.3690208196640015,
            "min": 1.3690208196640015,
            "max": 1.3690208196640015,
            "count": 1
        },
        "MyBehavior.Policy.Entropy.sum": {
            "value": 68496.21875,
            "min": 68496.21875,
            "max": 68496.21875,
            "count": 1
        },
        "MyBehavior.Step.mean": {
            "value": 49969.0,
            "min": 49969.0,
            "max": 49969.0,
            "count": 1
        },
        "MyBehavior.Step.sum": {
            "value": 49969.0,
            "min": 49969.0,
            "max": 49969.0,
            "count": 1
        },
        "MyBehavior.Policy.ExtrinsicValueEstimate.mean": {
            "value": 159.0107421875,
            "min": 159.0107421875,
            "max": 159.0107421875,
            "count": 1
        },
        "MyBehavior.Policy.ExtrinsicValueEstimate.sum": {
            "value": 154081.40625,
            "min": 154081.40625,
            "max": 154081.40625,
            "count": 1
        },
        "MyBehavior.Environment.EpisodeLength.mean": {
            "value": 159.46623794212218,
            "min": 159.46623794212218,
            "max": 159.46623794212218,
            "count": 1
        },
        "MyBehavior.Environment.EpisodeLength.sum": {
            "value": 49594.0,
            "min": 49594.0,
            "max": 49594.0,
            "count": 1
        },
        "MyBehavior.Environment.CumulativeReward.mean": {
            "value": 24471.100126922705,
            "min": 24471.100126922705,
            "max": 24471.100126922705,
            "count": 1
        },
        "MyBehavior.Environment.CumulativeReward.sum": {
            "value": 7610512.139472961,
            "min": 7610512.139472961,
            "max": 7610512.139472961,
            "count": 1
        },
        "MyBehavior.Policy.ExtrinsicReward.mean": {
            "value": 24471.100126922705,
            "min": 24471.100126922705,
            "max": 24471.100126922705,
            "count": 1
        },
        "MyBehavior.Policy.ExtrinsicReward.sum": {
            "value": 7610512.139472961,
            "min": 7610512.139472961,
            "max": 7610512.139472961,
            "count": 1
        },
        "MyBehavior.Losses.PolicyLoss.mean": {
            "value": 0.022558610453658427,
            "min": 0.022558610453658427,
            "max": 0.022558610453658427,
            "count": 1
        },
        "MyBehavior.Losses.PolicyLoss.sum": {
            "value": 0.0902344418146337,
            "min": 0.0902344418146337,
            "max": 0.0902344418146337,
            "count": 1
        },
        "MyBehavior.Losses.ValueLoss.mean": {
            "value": 4845184.260416666,
            "min": 4845184.260416666,
            "max": 4845184.260416666,
            "count": 1
        },
        "MyBehavior.Losses.ValueLoss.sum": {
            "value": 19380737.041666664,
            "min": 19380737.041666664,
            "max": 19380737.041666664,
            "count": 1
        },
        "MyBehavior.Policy.LearningRate.mean": {
            "value": 0.00028459335513555,
            "min": 0.00028459335513555,
            "max": 0.00028459335513555,
            "count": 1
        },
        "MyBehavior.Policy.LearningRate.sum": {
            "value": 0.0011383734205422,
            "min": 0.0011383734205422,
            "max": 0.0011383734205422,
            "count": 1
        },
        "MyBehavior.Policy.Epsilon.mean": {
            "value": 0.19486445000000002,
            "min": 0.19486445000000002,
            "max": 0.19486445000000002,
            "count": 1
        },
        "MyBehavior.Policy.Epsilon.sum": {
            "value": 0.7794578000000001,
            "min": 0.7794578000000001,
            "max": 0.7794578000000001,
            "count": 1
        },
        "MyBehavior.Policy.Beta.mean": {
            "value": 0.0047437360549999995,
            "min": 0.0047437360549999995,
            "max": 0.0047437360549999995,
            "count": 1
        },
        "MyBehavior.Policy.Beta.sum": {
            "value": 0.018974944219999998,
            "min": 0.018974944219999998,
            "max": 0.018974944219999998,
            "count": 1
        },
        "MyBehavior.IsTraining.mean": {
            "value": 1.0,
            "min": 1.0,
            "max": 1.0,
            "count": 1
        },
        "MyBehavior.IsTraining.sum": {
            "value": 1.0,
            "min": 1.0,
            "max": 1.0,
            "count": 1
        }
    },
    "metadata": {
        "timer_format_version": "0.1.0",
        "start_time_seconds": "1741527171",
        "python_version": "3.9.13 (tags/v3.9.13:6de2ca5, May 17 2022, 16:36:42) [MSC v.1929 64 bit (AMD64)]",
        "command_line_arguments": "C:\\AI_2025\\AI_PROJECT2025\\AI_Project2025\\venv\\Scripts\\mlagents-learn --run-id=test9995",
        "mlagents_version": "0.30.0",
        "mlagents_envs_version": "0.30.0",
        "communication_protocol_version": "1.5.0",
        "pytorch_version": "2.6.0+cu126",
        "numpy_version": "1.21.2",
        "end_time_seconds": "1741528274"
    },
    "total": 1103.3278311000001,
    "count": 1,
    "self": 0.008583800000224073,
    "children": {
        "run_training.setup": {
            "total": 0.0439851,
            "count": 1,
            "self": 0.0439851
        },
        "TrainerController.start_learning": {
            "total": 1103.2752621999998,
            "count": 1,
            "self": 1.788801899991313,
            "children": {
                "TrainerController._reset_env": {
                    "total": 16.6017106,
                    "count": 1,
                    "self": 16.6017106
                },
                "TrainerController.advance": {
                    "total": 1084.7170622000085,
                    "count": 87161,
                    "self": 1.5978644000117583,
                    "children": {
                        "env_step": {
                            "total": 1052.9451553000026,
                            "count": 87161,
                            "self": 695.3304316000213,
                            "children": {
                                "SubprocessEnvManager._take_step": {
                                    "total": 356.4696582999958,
                                    "count": 87161,
                                    "self": 6.0075329999913265,
                                    "children": {
                                        "TorchPolicy.evaluate": {
                                            "total": 350.46212530000446,
                                            "count": 86614,
                                            "self": 350.46212530000446
                                        }
                                    }
                                },
                                "workers": {
                                    "total": 1.1450653999855867,
                                    "count": 87160,
                                    "self": 0.0,
                                    "children": {
                                        "worker_root": {
                                            "total": 962.7613307999922,
                                            "count": 87160,
                                            "is_parallel": true,
                                            "self": 477.9064690999802,
                                            "children": {
                                                "steps_from_proto": {
                                                    "total": 0.00044639999999951385,
                                                    "count": 1,
                                                    "is_parallel": true,
                                                    "self": 0.00023120000000176333,