{
    "name": "root",
    "metadata": {
        "timer_format_version": "0.1.0",
        "start_time_seconds": "1742318460",
        "python_version": "3.9.13 (tags/v3.9.13:6de2ca5, May 17 2022, 16:36:42) [MSC v.1929 64 bit (AMD64)]",
        "command_line_arguments": "C:\\AI_2025\\AI_PROJECT2025\\AI_Project2025\\venv\\Scripts\\mlagents-learn --run-id=maybethis",
        "mlagents_version": "0.30.0",
        "mlagents_envs_version": "0.30.0",
        "communication_protocol_version": "1.5.0",
        "pytorch_version": "2.6.0+cu126",
        "numpy_version": "1.21.2",
        "end_time_seconds": "1742318631"
    },
    "total": 170.9955181,
    "count": 1,
    "self": 0.007365199999981087,
    "children": {
        "run_training.setup": {
            "total": 0.03974159999999971,
            "count": 1,
            "self": 0.03974159999999971
        },
        "TrainerController.start_learning": {
            "total": 170.9484113,
            "count": 1,
            "self": 0.023732000000052267,
            "children": {
                "TrainerController._reset_env": {
                    "total": 12.0544338,
                    "count": 1,
                    "self": 12.0544338
                },
                "TrainerController.advance": {
                    "total": 158.71873399999996,
                    "count": 1227,
                    "self": 0.02073180000013508,
                    "children": {
                        "env_step": {
                            "total": 158.53602090000004,
                            "count": 1227,
                            "self": 153.67300569999998,
                            "children": {
                                "SubprocessEnvManager._take_step": {
                                    "total": 4.848430200000015,
                                    "count": 1227,
                                    "self": 0.0763529000001597,
                                    "children": {
                                        "TorchPolicy.evaluate": {
                                            "total": 4.7720772999998555,
                                            "count": 1227,
                                            "self": 4.7720772999998555
                                        }
                                    }
                                },
                                "workers": {
                                    "total": 0.014585000000062465,
                                    "count": 1226,
                                    "self": 0.0,
                                    "children": {
                                        "worker_root": {
                                            "total": 56.69740689999997,
                                            "count": 1226,
                                            "is_parallel": true,
                                            "self": 9.188854700000043,
                                            "children": {
                                                "steps_from_proto": {
                                                    "total": 0.0005050000000004218,
                                                    "count": 1,
                                                    "is_parallel": true,
                                                    "self": 0.00032590000000176644,
                                                    "children": {
                                                        "_process_rank_one_or_two_observation": {
                                                            "total": 0.00017909999999865533,
                                                            "count": 2,
                                                            "is_parallel": true,
                                                            "self": 0.00017909999999865533
                                                        }
                                                    }
                                                },
                                                "UnityEnvironment.step": {
                                                    "total": 47.50804719999993,
                                                    "count": 1226,
                                                    "is_parallel": true,
                                                    "self": 0.09102570000019483,
                                                    "children": {
                                                        "UnityEnvironment._generate_step_input": {
                                                            "total": 0.08896279999993517,
                                                            "count": 1226,
                                                            "is_parallel": true,
                                                            "self": 0.08896279999993517
                                                        },
                                                        "communicator.exchange": {
                                                            "total": 47.01467199999982,
                                                            "count": 1226,
                                                            "is_parallel": true,
                                                            "self": 47.01467199999982
                                                        },
                                                        "steps_from_proto": {
                                                            "total": 0.3133866999999828,
                                                            "count": 1226,
                                                            "is_parallel": true,
                                                            "self": 0.19087340000005248,
                                                            "children": {
                                                                "_process_rank_one_or_two_observation": {
                                                                    "total": 0.12251329999993033,
                                                                    "count": 2452,
                                                                    "is_parallel": true,
                                                                    "self": 0.12251329999993033
                                                                }
                                                            }
                                                        }
                                                    }
                                                }
                                            }
                                        }
                                    }
                                }
                            }
                        },
                        "trainer_advance": {
                            "total": 0.16198129999978583,
                            "count": 1226,
                            "self": 0.027830600000005035,
                            "children": {
                                "process_trajectory": {
                                    "total": 0.1341506999997808,
                                    "count": 1226,
                                    "self": 0.1341506999997808
                                }
                            }
                        }
                    }
                },
                "TrainerController._save_models": {
                    "total": 0.15151149999999802,
                    "count": 1,
                    "self": 0.008278099999984079,
                    "children": {
                        "RLTrainer._checkpoint": {
                            "total": 0.14323340000001394,
                            "count": 1,