{
    "name": "root",
    "gauges": {
        "PlayerBehaviour.Policy.Entropy.mean": {
            "value": 1.3326773643493652,
            "min": 1.2785872220993042,
            "max": 1.791616439819336,
            "count": 76
        },
        "PlayerBehaviour.Policy.Entropy.sum": {
            "value": 13360.0908203125,
            "min": 12833.1796875,
            "max": 17917.2734375,
            "count": 76
        },
        "PlayerBehaviour.Step.mean": {
            "value": 759958.0,
            "min": 9920.0,
            "max": 759958.0,
            "count": 76
        },
        "PlayerBehaviour.Step.sum": {
            "value": 759958.0,
            "min": 9920.0,
            "max": 759958.0,
            "count": 76
        },
        "PlayerBehaviour.Policy.ExtrinsicValueEstimate.mean": {
            "value": 1.4090497493743896,
            "min": -2.1019508838653564,
            "max": 3.2665913105010986,
            "count": 76
        },
        "PlayerBehaviour.Policy.ExtrinsicValueEstimate.sum": {
            "value": 114.13302612304688,
            "min": -168.15606689453125,
            "max": 261.3273010253906,
            "count": 76
        },
        "PlayerBehaviour.Policy.GailValueEstimate.mean": {
            "value": 51.43125534057617,
            "min": 0.05519907549023628,
            "max": 57.60118103027344,
            "count": 76
        },
        "PlayerBehaviour.Policy.GailValueEstimate.sum": {
            "value": 4165.931640625,
            "min": 4.360726833343506,
            "max": 4780.89794921875,
            "count": 76
        },
        "PlayerBehaviour.Environment.EpisodeLength.mean": {
            "value": 1797.8333333333333,
            "min": 930.7,
            "max": 1999.0,
            "count": 76
        },
        "PlayerBehaviour.Environment.EpisodeLength.sum": {
            "value": 10787.0,
            "min": 8351.0,
            "max": 11892.0,
            "count": 76
        },
        "PlayerBehaviour.Environment.CumulativeReward.mean": {
            "value": 390.3635343313217,
            "min": -3592.443753814697,
            "max": 880.0916227042675,
            "count": 76
        },
        "PlayerBehaviour.Environment.CumulativeReward.sum": {
            "value": 2342.1812059879303,
            "min": -17962.218769073486,
            "max": 5132.556579947472,
            "count": 76
        },
        "PlayerBehaviour.Policy.ExtrinsicReward.mean": {
            "value": 39.03635362287363,
            "min": -359.2443794965744,
            "max": 88.00916200578213,
            "count": 76
        },
        "PlayerBehaviour.Policy.ExtrinsicReward.sum": {
            "value": 234.21812173724174,
            "min": -1796.221897482872,
            "max": 513.2556625306606,
            "count": 76
        },
        "PlayerBehaviour.Policy.GailReward.mean": {
            "value": 878.107259273529,
            "min": 38.58154445886612,
            "max": 1441.5213943481444,
            "count": 76
        },
        "PlayerBehaviour.Policy.GailReward.sum": {
            "value": 5268.643555641174,
            "min": 154.32617783546448,
            "max": 8690.220999136567,
            "count": 76
        },
        "PlayerBehaviour.IsTraining.mean": {
            "value": 1.0,
            "min": 1.0,
            "max": 1.0,
            "count": 76
        },
        "PlayerBehaviour.IsTraining.sum": {
            "value": 1.0,
            "min": 1.0,
            "max": 1.0,
            "count": 76
        },
        "PlayerBehaviour.Losses.PolicyLoss.mean": {
            "value": 0.023081406267980734,
            "min": 0.01824366624156634,
            "max": 0.030200788712439437,
            "count": 36
        },
        "PlayerBehaviour.Losses.PolicyLoss.sum": {
            "value": 0.023081406267980734,
            "min": 0.01824366624156634,
            "max": 0.030200788712439437,
            "count": 36
        },
        "PlayerBehaviour.Losses.ValueLoss.mean": {
            "value": 5.0080415447553,
            "min": 0.7900977527101835,
            "max": 26.77123409907023,
            "count": 36
        },
        "PlayerBehaviour.Losses.ValueLoss.sum": {
            "value": 5.0080415447553,
            "min": 0.7900977527101835,
            "max": 26.77123409907023,
            "count": 36
        },
        "PlayerBehaviour.Policy.LearningRate.mean": {
            "value": 0.00018906543697820002,
            "min": 0.00018906543697820002,
            "max": 0.00029692320102559996,
            "count": 36
        },
        "PlayerBehaviour.Policy.LearningRate.sum": {
            "value": 0.00018906543697820002,
            "min": 0.00018906543697820002,
            "max": 0.00029692320102559996,
            "count": 36
        },
        "PlayerBehaviour.Policy.Epsilon.mean": {
            "value": 0.16302179999999994,
            "min": 0.16302179999999994,
            "max": 0.19897440000000005,
            "count": 36
        },
        "PlayerBehaviour.Policy.Epsilon.sum": {
            "value": 0.16302179999999994,
            "min": 0.16302179999999994,
            "max": 0.19897440000000005,
            "count": 36
        },
        "PlayerBehaviour.Policy.Beta.mean": {
            "value": 0.0031547878200000007,
            "min": 0.0031547878200000007,
            "max": 0.004948822560000001,
            "count": 36
        },
        "PlayerBehaviour.Policy.Beta.sum": {
            "value": 0.0031547878200000007,
            "min": 0.0031547878200000007,
            "max": 0.004948822560000001,
            "count": 36
        },
        "PlayerBehaviour.Policy.GAILPolicyEstimate.mean": {
            "value": 0.3916750187675158,
            "min": 0.19690664450948436,
            "max": 0.4520002434651057,
            "count": 36
        },
        "PlayerBehaviour.Policy.GAILPolicyEstimate.sum": {
            "value": 0.3916750187675158,
            "min": 0.19690664450948436,
            "max": 0.4520002434651057,
            "count": 36
        },
        "PlayerBehaviour.Policy.GAILExpertEstimate.mean": {
            "value": 0.6226122975349426,
            "min": 0.5919342031081517,
            "max": 0.7956901868184407,
            "count": 36
        },
        "PlayerBehaviour.Policy.GAILExpertEstimate.sum": {
            "value": 0.6226122975349426,
            "min": 0.5919342031081517,
            "max": 0.7956901868184407,
            "count": 36
        },
        "PlayerBehaviour.Losses.GAILLoss.mean": {
            "value": 1.0483673095703125,
            "min": 0.5717313458522161,
            "max": 1.2504603803157806,
            "count": 36
        },
        "PlayerBehaviour.Losses.GAILLoss.sum": {
            "value": 1.0483673095703125,
            "min": 0.5717313458522161,
            "max": 1.2504603803157806,
            "count": 36
        },
        "PlayerBehaviour.Policy.GAILGradMagLoss.mean": {
            "value": 0.12418206880489985,
            "min": 0.11761892028152943,
            "max": 9.286243867874145,
            "count": 36
        },
        "PlayerBehaviour.Policy.GAILGradMagLoss.sum": {
            "value": 0.12418206880489985,
            "min": 0.11761892028152943,
            "max": 9.286243867874145,
            "count": 36
        },
        "PlayerBehaviour.Losses.PretrainingLoss.mean": {
            "value": 0.24228313565254211,
            "min": 0.24228313565254211,
            "max": 0.9407755335172018,
            "count": 36
        },
        "PlayerBehaviour.Losses.PretrainingLoss.sum": {
            "value": 0.24228313565254211,
            "min": 0.24228313565254211,
            "max": 0.9407755335172018,
            "count": 36
        }
    },
    "metadata": {
        "timer_format_version": "0.1.0",
        "start_time_seconds": "1743636832",
        "python_version": "3.10.11 (tags/v3.10.11:7d4cc5a, Apr  5 2023, 00:38:17) [MSC v.1929 64 bit (AMD64)]",