{
    "name": "root",
    "gauges": {
        "MyBehavior.Policy.Entropy.mean": {
            "value": 1.561706781387329,
            "min": 1.5613843202590942,
            "max": 1.7604044675827026,
            "count": 3
        },
        "MyBehavior.Policy.Entropy.sum": {
            "value": 78111.890625,
            "min": 78095.7578125,
            "max": 88124.0859375,
            "count": 3
        },
        "MyBehavior.Step.mean": {
            "value": 149987.0,
            "min": 49972.0,
            "max": 149987.0,
            "count": 3
        },
        "MyBehavior.Step.sum": {
            "value": 149987.0,
            "min": 49972.0,
            "max": 149987.0,
            "count": 3
        },
        "MyBehavior.Policy.ExtrinsicValueEstimate.mean": {
            "value": -6.865846633911133,
            "min": -6.865846633911133,
            "max": 15.780092239379883,
            "count": 3
        },
        "MyBehavior.Policy.ExtrinsicValueEstimate.sum": {
            "value": -7449.443359375,
            "min": -7449.443359375,
            "max": 16111.474609375,
            "count": 3
        },
        "MyBehavior.Environment.EpisodeLength.mean": {
            "value": 68.97893258426966,
            "min": 68.97893258426966,
            "max": 102.58627858627858,
            "count": 3
        },
        "MyBehavior.Environment.EpisodeLength.sum": {
            "value": 49113.0,
            "min": 49113.0,
            "max": 49375.0,
            "count": 3
        },
        "MyBehavior.Environment.CumulativeReward.mean": {
            "value": -14.87305764555095,
            "min": -17.347687600180507,
            "max": -14.87305764555095,
            "count": 3
        },
        "MyBehavior.Environment.CumulativeReward.sum": {
            "value": -10604.490101277828,
            "min": -10683.700089216232,
            "max": -8326.890048086643,
            "count": 3
        },
        "MyBehavior.Policy.ExtrinsicReward.mean": {
            "value": -14.87305764555095,
            "min": -17.347687600180507,
            "max": -14.87305764555095,
            "count": 3
        },
        "MyBehavior.Policy.ExtrinsicReward.sum": {
            "value": -10604.490101277828,
            "min": -10683.700089216232,
            "max": -8326.890048086643,
            "count": 3
        },
        "MyBehavior.Losses.PolicyLoss.mean": {
            "value": 0.02354729514879485,
            "min": 0.02354729514879485,
            "max": 0.02781329002949254,
            "count": 3
        },
        "MyBehavior.Losses.PolicyLoss.sum": {
            "value": 0.11773647574397425,
            "min": 0.11125316011797017,
            "max": 0.12022708595419924,
            "count": 3
        },
        "MyBehavior.Losses.ValueLoss.mean": {
            "value": 1.982830866177877,
            "min": 1.982830866177877,
            "max": 24.43161981900533,
            "count": 3
        },
        "MyBehavior.Losses.ValueLoss.sum": {
            "value": 9.914154330889385,
            "min": 9.914154330889385,
            "max": 97.72647927602132,
            "count": 3
        },
        "MyBehavior.Policy.LearningRate.mean": {
            "value": 0.00022601006466331999,
            "min": 0.00022601006466331999,
            "max": 0.00028457625514124996,
            "count": 3
        },
        "MyBehavior.Policy.LearningRate.sum": {
            "value": 0.0011300503233166,
            "min": 0.0011300503233166,
            "max": 0.0012840954719681998,
            "count": 3
        },
        "MyBehavior.Policy.Epsilon.mean": {
            "value": 0.17533668,
            "min": 0.17533668,
            "max": 0.19485875000000002,
            "count": 3
        },
        "MyBehavior.Policy.Epsilon.sum": {
            "value": 0.8766834,
            "min": 0.7794350000000001,
            "max": 0.9280318000000001,
            "count": 3
        },
        "MyBehavior.Policy.Beta.mean": {
            "value": 0.003769300332,
            "min": 0.003769300332,
            "max": 0.004743451625000001,
            "count": 3
        },
        "MyBehavior.Policy.Beta.sum": {
            "value": 0.01884650166,
            "min": 0.01884650166,
            "max": 0.02140878682,
            "count": 3
        },
        "MyBehavior.IsTraining.mean": {
            "value": 1.0,
            "min": 1.0,
            "max": 1.0,
            "count": 3
        },
        "MyBehavior.IsTraining.sum": {
            "value": 1.0,
            "min": 1.0,
            "max": 1.0,
            "count": 3
        }
    },
    "metadata": {
        "timer_format_version": "0.1.0",
        "start_time_seconds": "1741464697",
        "python_version": "3.9.13 (tags/v3.9.13:6de2ca5, May 17 2022, 16:36:42) [MSC v.1929 64 bit (AMD64)]",
        "command_line_arguments": "C:\\AI_2025\\AI_PROJECT2025\\AI_Project2025\\venv\\Scripts\\mlagents-learn --run-id=test11",
        "mlagents_version": "0.30.0",
        "mlagents_envs_version": "0.30.0",
        "communication_protocol_version": "1.5.0",
        "pytorch_version": "2.6.0+cpu",
        "numpy_version": "1.21.2",
        "end_time_seconds": "1741465886"
    },
    "total": 1188.9854482,
    "count": 1,
    "self": 0.0065612000000783155,
    "children": {
        "run_training.setup": {
            "total": 0.03902479999999997,
            "count": 1,
            "self": 0.03902479999999997
        },
        "TrainerController.start_learning": {
            "total": 1188.9398621999999,
            "count": 1,
            "self": 3.036981099993227,
            "children": {
                "TrainerController._reset_env": {
                    "total": 12.2948331,
                    "count": 1,
                    "self": 12.2948331
                },
                "TrainerController.advance": {
                    "total": 1173.3866053000065,
                    "count": 153020,
                    "self": 2.734047299964004,
                    "children": {
                        "env_step": {
                            "total": 1117.555251800035,
                            "count": 153020,
                            "self": 908.1165790000556,
                            "children": {
                                "SubprocessEnvManager._take_step": {
                                    "total": 207.49996959997947,
                                    "count": 153023,
                                    "self": 7.243127899978333,
                                    "children": {
                                        "TorchPolicy.evaluate": {
                                            "total": 200.25684170000113,
                                            "count": 151064,
                                            "self": 200.25684170000113
                                        }
                                    }
                                },
                                "workers": {
                                    "total": 1.938703199999896,
                                    "count": 153019,
                                    "self": 0.0,
                                    "children": {
                                        "worker_root": {
                                            "total": 1072.7053568000097,
                                            "count": 153019,
                                            "is_parallel": true,
                                            "self": 398.1834276000036,
                                            "children": {
                                                "steps_from_proto": {
                                                    "total": 0.0019138999999981365,
                                                    "count": 4,
                                                    "is_parallel": true,
                                                    "self": 0.0009436999999898887,