{
    "name": "root",
    "metadata": {
        "timer_format_version": "0.1.0",
        "start_time_seconds": "1741525659",
        "python_version": "3.9.13 (tags/v3.9.13:6de2ca5, May 17 2022, 16:36:42) [MSC v.1929 64 bit (AMD64)]",
        "command_line_arguments": "C:\\AI_2025\\AI_PROJECT2025\\AI_Project2025\\venv\\Scripts\\mlagents-learn --run-id=newmove --force",
        "mlagents_version": "0.30.0",
        "mlagents_envs_version": "0.30.0",
        "communication_protocol_version": "1.5.0",
        "pytorch_version": "2.6.0+cu126",
        "numpy_version": "1.21.2",
        "end_time_seconds": "1741525798"
    },
    "total": 139.115834,
    "count": 1,
    "self": 0.008280200000001514,
    "children": {
        "run_training.setup": {
            "total": 0.05221480000000023,
            "count": 1,
            "self": 0.05221480000000023
        },
        "TrainerController.start_learning": {
            "total": 139.055339,
            "count": 1,
            "self": 0.10308719999977711,
            "children": {
                "TrainerController._reset_env": {
                    "total": 31.3034354,
                    "count": 1,
                    "self": 31.3034354
                },
                "TrainerController.advance": {
                    "total": 107.3110948000002,
                    "count": 4983,
                    "self": 0.09385740000084297,
                    "children": {
                        "env_step": {
                            "total": 106.42438119999964,
                            "count": 4983,
                            "self": 85.38486150000003,
                            "children": {
                                "SubprocessEnvManager._take_step": {
                                    "total": 20.97437050000005,
                                    "count": 4983,
                                    "self": 0.3648030000001725,
                                    "children": {
                                        "TorchPolicy.evaluate": {
                                            "total": 20.609567499999876,
                                            "count": 4937,
                                            "self": 20.609567499999876
                                        }
                                    }
                                },
                                "workers": {
                                    "total": 0.06514919999957414,
                                    "count": 4982,
                                    "self": 0.0,
                                    "children": {
                                        "worker_root": {
                                            "total": 107.76982790000046,
                                            "count": 4982,
                                            "is_parallel": true,
                                            "self": 29.72043700000053,
                                            "children": {
                                                "steps_from_proto": {
                                                    "total": 0.00041309999999938896,
                                                    "count": 1,
                                                    "is_parallel": true,
                                                    "self": 0.00023129999999937922,
                                                    "children": {
                                                        "_process_rank_one_or_two_observation": {
                                                            "total": 0.00018180000000000973,
                                                            "count": 2,
                                                            "is_parallel": true,
                                                            "self": 0.00018180000000000973
                                                        }
                                                    }
                                                },
                                                "UnityEnvironment.step": {
                                                    "total": 78.04897779999993,
                                                    "count": 4982,
                                                    "is_parallel": true,
                                                    "self": 0.4113616999995173,
                                                    "children": {
                                                        "UnityEnvironment._generate_step_input": {
                                                            "total": 0.41523120000018565,
                                                            "count": 4982,
                                                            "is_parallel": true,
                                                            "self": 0.41523120000018565
                                                        },
                                                        "communicator.exchange": {
                                                            "total": 75.85314679999973,
                                                            "count": 4982,
                                                            "is_parallel": true,
                                                            "self": 75.85314679999973
                                                        },
                                                        "steps_from_proto": {
                                                            "total": 1.3692381000004907,
                                                            "count": 4978,
                                                            "is_parallel": true,
                                                            "self": 0.8089135000008554,
                                                            "children": {
                                                                "_process_rank_one_or_two_observation": {
                                                                    "total": 0.5603245999996354,
                                                                    "count": 9956,
                                                                    "is_parallel": true,
                                                                    "self": 0.5603245999996354
                                                                }
                                                            }
                                                        }
                                                    }
                                                }
                                            }
                                        }
                                    }
                                }
                            }
                        },
                        "trainer_advance": {
                            "total": 0.7928561999997186,
                            "count": 4982,
                            "self": 0.12794119999963272,
                            "children": {
                                "process_trajectory": {
                                    "total": 0.6649150000000859,
                                    "count": 4982,
                                    "self": 0.6649150000000859
                                }
                            }
                        }
                    }
                },
                "trainer_threads": {
                    "total": 9.999999974752427e-07,
                    "count": 1,
                    "self": 9.999999974752427e-07
                },
                "TrainerController._save_models": {
                    "total": 0.3377206000000115,
                    "count": 1,
                    "self": 0.0105440000000101,