{
    "name": "root",
    "metadata": {
        "timer_format_version": "0.1.0",
        "start_time_seconds": "1741462314",
        "python_version": "3.9.13 (tags/v3.9.13:6de2ca5, May 17 2022, 16:36:42) [MSC v.1929 64 bit (AMD64)]",
        "command_line_arguments": "C:\\AI_2025\\AI_PROJECT2025\\AI_Project2025\\venv\\Scripts\\mlagents-learn --run-id=test7",
        "mlagents_version": "0.30.0",
        "mlagents_envs_version": "0.30.0",
        "communication_protocol_version": "1.5.0",
        "pytorch_version": "2.6.0+cpu",
        "numpy_version": "1.21.2",
        "end_time_seconds": "1741462444"
    },
    "total": 129.4462017,
    "count": 1,
    "self": 0.007361500000001797,
    "children": {
        "run_training.setup": {
            "total": 0.03835169999999977,
            "count": 1,
            "self": 0.03835169999999977
        },
        "TrainerController.start_learning": {
            "total": 129.4004885,
            "count": 1,
            "self": 0.05693660000005707,
            "children": {
                "TrainerController._reset_env": {
                    "total": 11.575222,
                    "count": 1,
                    "self": 11.575222
                },
                "TrainerController.advance": {
                    "total": 117.65368409999992,
                    "count": 2843,
                    "self": 0.050019300000045064,
                    "children": {
                        "env_step": {
                            "total": 117.34255410000006,
                            "count": 2843,
                            "self": 113.21184900000007,
                            "children": {
                                "SubprocessEnvManager._take_step": {
                                    "total": 4.094728500000096,
                                    "count": 2843,
                                    "self": 0.14431330000023657,
                                    "children": {
                                        "TorchPolicy.evaluate": {
                                            "total": 3.95041519999986,
                                            "count": 2831,
                                            "self": 3.95041519999986
                                        }
                                    }
                                },
                                "workers": {
                                    "total": 0.03597659999989489,
                                    "count": 2842,
                                    "self": 0.0,
                                    "children": {
                                        "worker_root": {
                                            "total": 55.99237040000003,
                                            "count": 2842,
                                            "is_parallel": true,
                                            "self": 8.56441229999993,
                                            "children": {
                                                "steps_from_proto": {
                                                    "total": 0.000385399999998981,
                                                    "count": 1,
                                                    "is_parallel": true,
                                                    "self": 0.0002305000000006885,
                                                    "children": {
                                                        "_process_rank_one_or_two_observation": {
                                                            "total": 0.00015489999999829251,
                                                            "count": 2,
                                                            "is_parallel": true,
                                                            "self": 0.00015489999999829251
                                                        }
                                                    }
                                                },
                                                "UnityEnvironment.step": {
                                                    "total": 47.4275727000001,
                                                    "count": 2842,
                                                    "is_parallel": true,
                                                    "self": 0.20598619999974233,
                                                    "children": {
                                                        "UnityEnvironment._generate_step_input": {
                                                            "total": 0.1751826000000527,
                                                            "count": 2842,
                                                            "is_parallel": true,
                                                            "self": 0.1751826000000527
                                                        },
                                                        "communicator.exchange": {
                                                            "total": 46.343146600000075,
                                                            "count": 2842,
                                                            "is_parallel": true,
                                                            "self": 46.343146600000075
                                                        },
                                                        "steps_from_proto": {
                                                            "total": 0.7032573000002333,
                                                            "count": 2842,
                                                            "is_parallel": true,
                                                            "self": 0.426585100000322,
                                                            "children": {
                                                                "_process_rank_one_or_two_observation": {
                                                                    "total": 0.27667219999991133,
                                                                    "count": 5684,
                                                                    "is_parallel": true,
                                                                    "self": 0.27667219999991133
                                                                }
                                                            }
                                                        }
                                                    }
                                                }
                                            }
                                        }
                                    }
                                }
                            }
                        },
                        "trainer_advance": {
                            "total": 0.2611106999998203,
                            "count": 2842,
                            "self": 0.0729024999998078,
                            "children": {
                                "process_trajectory": {
                                    "total": 0.18820820000001248,
                                    "count": 2842,
                                    "self": 0.18820820000001248
                                }
                            }
                        }
                    }
                },
                "TrainerController._save_models": {
                    "total": 0.11464580000000524,
                    "count": 1,
                    "self": 0.01468869999999356,
                    "children": {
                        "RLTrainer._checkpoint": {
                            "total": 0.09995710000001168,
                            "count": 1,