{
    "name": "root",
    "gauges": {
        "PlayerBehaviour.Policy.Entropy.mean": {
            "value": 1.7859231233596802,
            "min": 1.7859231233596802,
            "max": 1.7916008234024048,
            "count": 3
        },
        "PlayerBehaviour.Policy.Entropy.sum": {
            "value": 18412.8671875,
            "min": 17912.255859375,
            "max": 18412.8671875,
            "count": 3
        },
        "PlayerBehaviour.Step.mean": {
            "value": 29931.0,
            "min": 9984.0,
            "max": 29931.0,
            "count": 3
        },
        "PlayerBehaviour.Step.sum": {
            "value": 29931.0,
            "min": 9984.0,
            "max": 29931.0,
            "count": 3
        },
        "PlayerBehaviour.Policy.ExtrinsicValueEstimate.mean": {
            "value": 0.7282143235206604,
            "min": -0.08785044401884079,
            "max": 0.7282143235206604,
            "count": 3
        },
        "PlayerBehaviour.Policy.ExtrinsicValueEstimate.sum": {
            "value": 71.36500549316406,
            "min": -8.69719409942627,
            "max": 71.36500549316406,
            "count": 3
        },
        "PlayerBehaviour.Policy.GailValueEstimate.mean": {
            "value": 0.05208754912018776,
            "min": -0.030634205788373947,
            "max": 0.05208754912018776,
            "count": 3
        },
        "PlayerBehaviour.Policy.GailValueEstimate.sum": {
            "value": 5.104579925537109,
            "min": -3.0327863693237305,
            "max": 5.104579925537109,
            "count": 3
        },
        "PlayerBehaviour.Environment.EpisodeLength.mean": {
            "value": 371.11538461538464,
            "min": 371.11538461538464,
            "max": 399.0,
            "count": 3
        },
        "PlayerBehaviour.Environment.EpisodeLength.sum": {
            "value": 9649.0,
            "min": 9649.0,
            "max": 9975.0,
            "count": 3
        },
        "PlayerBehaviour.Environment.CumulativeReward.mean": {
            "value": -212.7874569937035,
            "min": -913.8280173110962,
            "max": -212.7874569937035,
            "count": 3
        },
        "PlayerBehaviour.Environment.CumulativeReward.sum": {
            "value": -5745.261338829994,
            "min": -22845.700432777405,
            "max": -5745.261338829994,
            "count": 3
        },
        "PlayerBehaviour.Policy.ExtrinsicReward.mean": {
            "value": -212.7874569937035,
            "min": -913.8280173110962,
            "max": -212.7874569937035,
            "count": 3
        },
        "PlayerBehaviour.Policy.ExtrinsicReward.sum": {
            "value": -5745.261338829994,
            "min": -22845.700432777405,
            "max": -5745.261338829994,
            "count": 3
        },
        "PlayerBehaviour.Policy.GailReward.mean": {
            "value": 46.20669528622939,
            "min": 0.071607054604101,
            "max": 46.20669528622939,
            "count": 3
        },
        "PlayerBehaviour.Policy.GailReward.sum": {
            "value": 1247.5807727281936,
            "min": 1.7185693104984239,
            "max": 1247.5807727281936,
            "count": 3
        },
        "PlayerBehaviour.IsTraining.mean": {
            "value": 1.0,
            "min": 1.0,
            "max": 1.0,
            "count": 3
        },
        "PlayerBehaviour.IsTraining.sum": {
            "value": 1.0,
            "min": 1.0,
            "max": 1.0,
            "count": 3
        },
        "PlayerBehaviour.Losses.PolicyLoss.mean": {
            "value": 0.02638908486502866,
            "min": 0.02638908486502866,
            "max": 0.02638908486502866,
            "count": 1
        },
        "PlayerBehaviour.Losses.PolicyLoss.sum": {
            "value": 0.02638908486502866,
            "min": 0.02638908486502866,
            "max": 0.02638908486502866,
            "count": 1
        },
        "PlayerBehaviour.Losses.ValueLoss.mean": {
            "value": 1119.7100036621093,
            "min": 1119.7100036621093,
            "max": 1119.7100036621093,
            "count": 1
        },
        "PlayerBehaviour.Losses.ValueLoss.sum": {
            "value": 1119.7100036621093,
            "min": 1119.7100036621093,
            "max": 1119.7100036621093,
            "count": 1
        },
        "PlayerBehaviour.Policy.LearningRate.mean": {
            "value": 0.0002987616004128,
            "min": 0.0002987616004128,
            "max": 0.0002987616004128,
            "count": 1
        },
        "PlayerBehaviour.Policy.LearningRate.sum": {
            "value": 0.0002987616004128,
            "min": 0.0002987616004128,
            "max": 0.0002987616004128,
            "count": 1
        },
        "PlayerBehaviour.Policy.Epsilon.mean": {
            "value": 0.19958720000000002,
            "min": 0.19958720000000002,
            "max": 0.19958720000000002,
            "count": 1
        },
        "PlayerBehaviour.Policy.Epsilon.sum": {
            "value": 0.19958720000000002,
            "min": 0.19958720000000002,
            "max": 0.19958720000000002,
            "count": 1
        },
        "PlayerBehaviour.Policy.Beta.mean": {
            "value": 0.004979401280000001,
            "min": 0.004979401280000001,
            "max": 0.004979401280000001,
            "count": 1
        },
        "PlayerBehaviour.Policy.Beta.sum": {
            "value": 0.004979401280000001,
            "min": 0.004979401280000001,
            "max": 0.004979401280000001,
            "count": 1
        },
        "PlayerBehaviour.Policy.GAILPolicyEstimate.mean": {
            "value": 0.21571222068062829,
            "min": 0.21571222068062829,
            "max": 0.21571222068062829,
            "count": 1
        },
        "PlayerBehaviour.Policy.GAILPolicyEstimate.sum": {
            "value": 0.21571222068062829,
            "min": 0.21571222068062829,
            "max": 0.21571222068062829,
            "count": 1
        },
        "PlayerBehaviour.Policy.GAILExpertEstimate.mean": {
            "value": 0.7903857358283858,
            "min": 0.7903857358283858,
            "max": 0.7903857358283858,
            "count": 1
        },
        "PlayerBehaviour.Policy.GAILExpertEstimate.sum": {
            "value": 0.7903857358283858,
            "min": 0.7903857358283858,
            "max": 0.7903857358283858,
            "count": 1
        },
        "PlayerBehaviour.Losses.GAILLoss.mean": {
            "value": 1.1903258755803108,
            "min": 1.1903258755803108,
            "max": 1.1903258755803108,
            "count": 1
        },
        "PlayerBehaviour.Losses.GAILLoss.sum": {
            "value": 1.1903258755803108,
            "min": 1.1903258755803108,
            "max": 1.1903258755803108,
            "count": 1
        },
        "PlayerBehaviour.Policy.GAILGradMagLoss.mean": {
            "value": 9.745398346583048,
            "min": 9.745398346583048,
            "max": 9.745398346583048,
            "count": 1
        },
        "PlayerBehaviour.Policy.GAILGradMagLoss.sum": {
            "value": 9.745398346583048,
            "min": 9.745398346583048,
            "max": 9.745398346583048,
            "count": 1
        },
        "PlayerBehaviour.Losses.PretrainingLoss.mean": {
            "value": 0.7645560602347056,
            "min": 0.7645560602347056,
            "max": 0.7645560602347056,
            "count": 1
        },
        "PlayerBehaviour.Losses.PretrainingLoss.sum": {
            "value": 0.7645560602347056,
            "min": 0.7645560602347056,
            "max": 0.7645560602347056,
            "count": 1
        }
    },
    "metadata": {
        "timer_format_version": "0.1.0",
        "start_time_seconds": "1743148694",
        "python_version": "3.10.11 (tags/v3.10.11:7d4cc5a, Apr  5 2023, 00:38:17) [MSC v.1929 64 bit (AMD64)]",