{
    "name": "root",
    "metadata": {
        "timer_format_version": "0.1.0",
        "start_time_seconds": "1741461491",
        "python_version": "3.9.13 (tags/v3.9.13:6de2ca5, May 17 2022, 16:36:42) [MSC v.1929 64 bit (AMD64)]",
        "command_line_arguments": "C:\\AI_2025\\AI_PROJECT2025\\AI_Project2025\\venv\\Scripts\\mlagents-learn --run-id=test3",
        "mlagents_version": "0.30.0",
        "mlagents_envs_version": "0.30.0",
        "communication_protocol_version": "1.5.0",
        "pytorch_version": "2.6.0+cpu",
        "numpy_version": "1.21.2",
        "end_time_seconds": "1741461658"
    },
    "total": 167.4287775,
    "count": 1,
    "self": 0.007385800000008658,
    "children": {
        "run_training.setup": {
            "total": 0.12931880000000007,
            "count": 1,
            "self": 0.12931880000000007
        },
        "TrainerController.start_learning": {
            "total": 167.2920729,
            "count": 1,
            "self": 0.080535000000026,
            "children": {
                "TrainerController._reset_env": {
                    "total": 11.1074855,
                    "count": 1,
                    "self": 11.1074855
                },
                "TrainerController.advance": {
                    "total": 155.98418049999998,
                    "count": 3863,
                    "self": 0.07156820000002995,
                    "children": {
                        "env_step": {
                            "total": 155.4909056000002,
                            "count": 3863,
                            "self": 149.92094639999968,
                            "children": {
                                "SubprocessEnvManager._take_step": {
                                    "total": 5.519754900000224,
                                    "count": 3863,
                                    "self": 0.20157910000020962,
                                    "children": {
                                        "TorchPolicy.evaluate": {
                                            "total": 5.318175800000015,
                                            "count": 3841,
                                            "self": 5.318175800000015
                                        }
                                    }
                                },
                                "workers": {
                                    "total": 0.050204300000274316,
                                    "count": 3862,
                                    "self": 0.0,
                                    "children": {
                                        "worker_root": {
                                            "total": 93.9136443000001,
                                            "count": 3862,
                                            "is_parallel": true,
                                            "self": 11.220368100000115,
                                            "children": {
                                                "steps_from_proto": {
                                                    "total": 0.00037159999999936133,
                                                    "count": 1,
                                                    "is_parallel": true,
                                                    "self": 0.00020609999999798845,
                                                    "children": {
                                                        "_process_rank_one_or_two_observation": {
                                                            "total": 0.00016550000000137288,
                                                            "count": 2,
                                                            "is_parallel": true,
                                                            "self": 0.00016550000000137288
                                                        }
                                                    }
                                                },
                                                "UnityEnvironment.step": {
                                                    "total": 82.69290459999999,
                                                    "count": 3862,
                                                    "is_parallel": true,
                                                    "self": 0.28365880000021093,
                                                    "children": {
                                                        "UnityEnvironment._generate_step_input": {
                                                            "total": 0.2499333000001318,
                                                            "count": 3862,
                                                            "is_parallel": true,
                                                            "self": 0.2499333000001318
                                                        },
                                                        "communicator.exchange": {
                                                            "total": 81.19754979999949,
                                                            "count": 3862,
                                                            "is_parallel": true,
                                                            "self": 81.19754979999949
                                                        },
                                                        "steps_from_proto": {
                                                            "total": 0.9617627000001541,
                                                            "count": 3862,
                                                            "is_parallel": true,
                                                            "self": 0.58040409999996,
                                                            "children": {
                                                                "_process_rank_one_or_two_observation": {
                                                                    "total": 0.38135860000019406,
                                                                    "count": 7724,
                                                                    "is_parallel": true,
                                                                    "self": 0.38135860000019406
                                                                }
                                                            }
                                                        }
                                                    }
                                                }
                                            }
                                        }
                                    }
                                }
                            }
                        },
                        "trainer_advance": {
                            "total": 0.4217066999997474,
                            "count": 3862,
                            "self": 0.09451249999963984,
                            "children": {
                                "process_trajectory": {
                                    "total": 0.32719420000010757,
                                    "count": 3862,
                                    "self": 0.32719420000010757
                                }
                            }
                        }
                    }
                },
                "TrainerController._save_models": {
                    "total": 0.11987189999999259,
                    "count": 1,
                    "self": 0.016036200000002054,
                    "children": {
                        "RLTrainer._checkpoint": {
                            "total": 0.10383569999999054,
                            "count": 1,