{
    "name": "root",
    "metadata": {
        "timer_format_version": "0.1.0",
        "start_time_seconds": "1743147036",
        "python_version": "3.10.11 (tags/v3.10.11:7d4cc5a, Apr  5 2023, 00:38:17) [MSC v.1929 64 bit (AMD64)]",
        "command_line_arguments": "D:\\Unitythings\\AI_Project\\AI_PROJECT2025\\AI_Project2025\\venv\\Scripts\\mlagents-learn configs\\config.yaml --run-id=imit5",
        "mlagents_version": "1.1.0",
        "mlagents_envs_version": "1.1.0",
        "communication_protocol_version": "1.5.0",
        "pytorch_version": "2.2.2+cu121",
        "numpy_version": "1.23.5",
        "end_time_seconds": "1743147054"
    },
    "total": 17.956787200000008,
    "count": 1,
    "self": 0.015368200000011711,
    "children": {
        "run_training.setup": {
            "total": 0.2534153999999944,
            "count": 1,
            "self": 0.2534153999999944
        },
        "TrainerController.start_learning": {
            "total": 17.688003600000002,
            "count": 1,
            "self": 0.0004375999998273983,
            "children": {
                "TrainerController._reset_env": {
                    "total": 17.683530200000064,
                    "count": 1,
                    "self": 16.42298040000003,
                    "children": {
                        "demo_to_buffer": {
                            "total": 1.2605498000000352,
                            "count": 1,
                            "self": 8.270000000720756e-05,
                            "children": {
                                "load_demonstration": {
                                    "total": 0.048842600000057246,
                                    "count": 1,
                                    "self": 0.048593100000061895,
                                    "children": {
                                        "read_file": {
                                            "total": 0.00024949999999535066,
                                            "count": 1,
                                            "self": 0.00024949999999535066
                                        }
                                    }
                                },
                                "make_demo_buffer": {
                                    "total": 1.2116244999999708,
                                    "count": 1,
                                    "self": 0.24554059999923084,
                                    "children": {
                                        "steps_from_proto": {
                                            "total": 0.96608390000074,
                                            "count": 4682,
                                            "self": 0.6810639000068477,
                                            "children": {
                                                "_process_rank_one_or_two_observation": {
                                                    "total": 0.28501999999389227,
                                                    "count": 9364,
                                                    "self": 0.28501999999389227
                                                }
                                            }
                                        }
                                    }
                                }
                            }
                        }
                    }
                },
                "TrainerController._save_models": {
                    "total": 0.004035800000110612,
                    "count": 1,
                    "self": 0.0007271000000628192,
                    "children": {
                        "RLTrainer._checkpoint": {
                            "total": 0.003308700000047793,
                            "count": 1,
                            "self": 0.003308700000047793
                        }
                    }
                }
            }
        }
    }
}