{
    "name": "root",
    "gauges": {
        "PlayerBehaviour.Policy.Entropy.mean": {
            "value": 1.7870798110961914,
            "min": 1.7870798110961914,
            "max": 1.7915937900543213,
            "count": 3
        },
        "PlayerBehaviour.Policy.Entropy.sum": {
            "value": 18033.421875,
            "min": 17915.66015625,
            "max": 18033.421875,
            "count": 3
        },
        "PlayerBehaviour.Step.mean": {
            "value": 29963.0,
            "min": 9920.0,
            "max": 29963.0,
            "count": 3
        },
        "PlayerBehaviour.Step.sum": {
            "value": 29963.0,
            "min": 9920.0,
            "max": 29963.0,
            "count": 3
        },
        "PlayerBehaviour.Policy.ExtrinsicValueEstimate.mean": {
            "value": -0.23102684319019318,
            "min": -0.23102684319019318,
            "max": 0.07189618796110153,
            "count": 3
        },
        "PlayerBehaviour.Policy.ExtrinsicValueEstimate.sum": {
            "value": -18.71317481994629,
            "min": -18.71317481994629,
            "max": 5.751695156097412,
            "count": 3
        },
        "PlayerBehaviour.Policy.GailValueEstimate.mean": {
            "value": 0.5771384239196777,
            "min": 0.10067818313837051,
            "max": 0.5771384239196777,
            "count": 3
        },
        "PlayerBehaviour.Policy.GailValueEstimate.sum": {
            "value": 46.74821472167969,
            "min": 7.953576564788818,
            "max": 46.74821472167969,
            "count": 3
        },
        "PlayerBehaviour.Environment.EpisodeLength.mean": {
            "value": 1863.6,
            "min": 1863.6,
            "max": 1999.0,
            "count": 3
        },
        "PlayerBehaviour.Environment.EpisodeLength.sum": {
            "value": 9318.0,
            "min": 9318.0,
            "max": 9995.0,
            "count": 3
        },
        "PlayerBehaviour.Environment.CumulativeReward.mean": {
            "value": -983.3725187778473,
            "min": -2188.6988007202744,
            "max": -983.3725187778473,
            "count": 3
        },
        "PlayerBehaviour.Environment.CumulativeReward.sum": {
            "value": -5900.235112667084,
            "min": -10074.379709005356,
            "max": -5900.235112667084,
            "count": 3
        },
        "PlayerBehaviour.Policy.ExtrinsicReward.mean": {
            "value": -98.3372516122957,
            "min": -218.86988359922543,
            "max": -98.3372516122957,
            "count": 3
        },
        "PlayerBehaviour.Policy.ExtrinsicReward.sum": {
            "value": -590.0235096737742,
            "min": -1007.4379675239325,
            "max": -590.0235096737742,
            "count": 3
        },
        "PlayerBehaviour.Policy.GailReward.mean": {
            "value": 678.1265971660614,
            "min": 39.47991546988487,
            "max": 678.1265971660614,
            "count": 3
        },
        "PlayerBehaviour.Policy.GailReward.sum": {
            "value": 4068.7595829963684,
            "min": 157.9196618795395,
            "max": 4068.7595829963684,
            "count": 3
        },
        "PlayerBehaviour.IsTraining.mean": {
            "value": 1.0,
            "min": 1.0,
            "max": 1.0,
            "count": 3
        },
        "PlayerBehaviour.IsTraining.sum": {
            "value": 1.0,
            "min": 1.0,
            "max": 1.0,
            "count": 3
        },
        "PlayerBehaviour.Losses.PolicyLoss.mean": {
            "value": 0.022986384232838948,
            "min": 0.022986384232838948,
            "max": 0.022986384232838948,
            "count": 1
        },
        "PlayerBehaviour.Losses.PolicyLoss.sum": {
            "value": 0.022986384232838948,
            "min": 0.022986384232838948,
            "max": 0.022986384232838948,
            "count": 1
        },
        "PlayerBehaviour.Losses.ValueLoss.mean": {
            "value": 1.4465445508559545,
            "min": 1.4465445508559545,
            "max": 1.4465445508559545,
            "count": 1
        },
        "PlayerBehaviour.Losses.ValueLoss.sum": {
            "value": 1.4465445508559545,
            "min": 1.4465445508559545,
            "max": 1.4465445508559545,
            "count": 1
        },
        "PlayerBehaviour.Policy.LearningRate.mean": {
            "value": 0.00029969232010255997,
            "min": 0.00029969232010255997,
            "max": 0.00029969232010255997,
            "count": 1
        },
        "PlayerBehaviour.Policy.LearningRate.sum": {
            "value": 0.00029969232010255997,
            "min": 0.00029969232010255997,
            "max": 0.00029969232010255997,
            "count": 1
        },
        "PlayerBehaviour.Policy.Epsilon.mean": {
            "value": 0.19989744000000007,
            "min": 0.19989744000000007,
            "max": 0.19989744000000007,
            "count": 1
        },
        "PlayerBehaviour.Policy.Epsilon.sum": {
            "value": 0.19989744000000007,
            "min": 0.19989744000000007,
            "max": 0.19989744000000007,
            "count": 1
        },
        "PlayerBehaviour.Policy.Beta.mean": {
            "value": 0.004994882256,
            "min": 0.004994882256,
            "max": 0.004994882256,
            "count": 1
        },
        "PlayerBehaviour.Policy.Beta.sum": {
            "value": 0.004994882256,
            "min": 0.004994882256,
            "max": 0.004994882256,
            "count": 1
        },
        "PlayerBehaviour.Policy.GAILPolicyEstimate.mean": {
            "value": 0.21530097139378387,
            "min": 0.21530097139378387,
            "max": 0.21530097139378387,
            "count": 1
        },
        "PlayerBehaviour.Policy.GAILPolicyEstimate.sum": {
            "value": 0.21530097139378387,
            "min": 0.21530097139378387,
            "max": 0.21530097139378387,
            "count": 1
        },
        "PlayerBehaviour.Policy.GAILExpertEstimate.mean": {
            "value": 0.798525552948316,
            "min": 0.798525552948316,
            "max": 0.798525552948316,
            "count": 1
        },
        "PlayerBehaviour.Policy.GAILExpertEstimate.sum": {
            "value": 0.798525552948316,
            "min": 0.798525552948316,
            "max": 0.798525552948316,
            "count": 1
        },
        "PlayerBehaviour.Losses.GAILLoss.mean": {
            "value": 0.6161049216985702,
            "min": 0.6161049216985702,
            "max": 0.6161049216985702,
            "count": 1
        },
        "PlayerBehaviour.Losses.GAILLoss.sum": {
            "value": 0.6161049216985702,
            "min": 0.6161049216985702,
            "max": 0.6161049216985702,
            "count": 1
        },
        "PlayerBehaviour.Policy.GAILGradMagLoss.mean": {
            "value": 9.431394783655803,
            "min": 9.431394783655803,
            "max": 9.431394783655803,
            "count": 1
        },
        "PlayerBehaviour.Policy.GAILGradMagLoss.sum": {
            "value": 9.431394783655803,
            "min": 9.431394783655803,
            "max": 9.431394783655803,
            "count": 1
        },
        "PlayerBehaviour.Losses.PretrainingLoss.mean": {
            "value": 0.9149957497914633,
            "min": 0.9149957497914633,
            "max": 0.9149957497914633,
            "count": 1
        },
        "PlayerBehaviour.Losses.PretrainingLoss.sum": {
            "value": 0.9149957497914633,
            "min": 0.9149957497914633,
            "max": 0.9149957497914633,
            "count": 1
        }
    },
    "metadata": {
        "timer_format_version": "0.1.0",
        "start_time_seconds": "1743635737",
        "python_version": "3.10.11 (tags/v3.10.11:7d4cc5a, Apr  5 2023, 00:38:17) [MSC v.1929 64 bit (AMD64)]",