{
    "name": "root",
    "gauges": {
        "MyBehavior.Policy.Entropy.mean": {
            "value": 1.889701008796692,
            "min": 1.889701008796692,
            "max": 2.0955111980438232,
            "count": 3
        },
        "MyBehavior.Policy.Entropy.sum": {
            "value": 94511.5078125,
            "min": 94511.5078125,
            "max": 104930.625,
            "count": 3
        },
        "MyBehavior.Step.mean": {
            "value": 149956.0,
            "min": 49969.0,
            "max": 149956.0,
            "count": 3
        },
        "MyBehavior.Step.sum": {
            "value": 149956.0,
            "min": 49969.0,
            "max": 149956.0,
            "count": 3
        },
        "MyBehavior.Policy.ExtrinsicValueEstimate.mean": {
            "value": 3.6769604682922363,
            "min": 1.7182594537734985,
            "max": 7.5028839111328125,
            "count": 3
        },
        "MyBehavior.Policy.ExtrinsicValueEstimate.sum": {
            "value": 4217.4736328125,
            "min": 1879.77587890625,
            "max": 7720.4677734375,
            "count": 3
        },
        "MyBehavior.Environment.EpisodeLength.mean": {
            "value": 66.49527665317139,
            "min": 56.888888888888886,
            "max": 66.49527665317139,
            "count": 3
        },
        "MyBehavior.Environment.EpisodeLength.sum": {
            "value": 49273.0,
            "min": 49152.0,
            "max": 49273.0,
            "count": 3
        },
        "MyBehavior.Environment.CumulativeReward.mean": {
            "value": 2.935222712917286,
            "min": -2.9201622047609415,
            "max": 2.935222712917286,
            "count": 3
        },
        "MyBehavior.Environment.CumulativeReward.sum": {
            "value": 2175.000030271709,
            "min": -2520.0999827086926,
            "max": 2175.000030271709,
            "count": 3
        },
        "MyBehavior.Policy.ExtrinsicReward.mean": {
            "value": 2.935222712917286,
            "min": -2.9201622047609415,
            "max": 2.935222712917286,
            "count": 3
        },
        "MyBehavior.Policy.ExtrinsicReward.sum": {
            "value": 2175.000030271709,
            "min": -2520.0999827086926,
            "max": 2175.000030271709,
            "count": 3
        },
        "MyBehavior.Losses.PolicyLoss.mean": {
            "value": 0.02439504930206264,
            "min": 0.02300245838239789,
            "max": 0.02439504930206264,
            "count": 3
        },
        "MyBehavior.Losses.PolicyLoss.sum": {
            "value": 0.1219752465103132,
            "min": 0.09629521640017628,
            "max": 0.1219752465103132,
            "count": 3
        },
        "MyBehavior.Losses.ValueLoss.mean": {
            "value": 2.94239718914032,
            "min": 2.564708654085795,
            "max": 10.366486362616222,
            "count": 3
        },
        "MyBehavior.Losses.ValueLoss.sum": {
            "value": 14.7119859457016,
            "min": 12.823543270428974,
            "max": 41.465945450464886,
            "count": 3
        },
        "MyBehavior.Policy.LearningRate.mean": {
            "value": 0.00022610294463236,
            "min": 0.00022610294463236,
            "max": 0.00028461705512765,
            "count": 3
        },
        "MyBehavior.Policy.LearningRate.sum": {
            "value": 0.0011305147231618,
            "min": 0.0011305147231618,
            "max": 0.0012845832718056,
            "count": 3
        },
        "MyBehavior.Policy.Epsilon.mean": {
            "value": 0.17536764000000002,
            "min": 0.17536764000000002,
            "max": 0.19487234999999997,
            "count": 3
        },
        "MyBehavior.Policy.Epsilon.sum": {
            "value": 0.8768382000000001,
            "min": 0.7794893999999999,
            "max": 0.9281944,
            "count": 3
        },
        "MyBehavior.Policy.Beta.mean": {
            "value": 0.003770845236,
            "min": 0.003770845236,
            "max": 0.004744130264999999,
            "count": 3
        },
        "MyBehavior.Policy.Beta.sum": {
            "value": 0.01885422618,
            "min": 0.01885422618,
            "max": 0.021416900560000004,
            "count": 3
        },
        "MyBehavior.IsTraining.mean": {
            "value": 1.0,
            "min": 1.0,
            "max": 1.0,
            "count": 3
        },
        "MyBehavior.IsTraining.sum": {
            "value": 1.0,
            "min": 1.0,
            "max": 1.0,
            "count": 3
        }
    },
    "metadata": {
        "timer_format_version": "0.1.0",
        "start_time_seconds": "1741462750",
        "python_version": "3.9.13 (tags/v3.9.13:6de2ca5, May 17 2022, 16:36:42) [MSC v.1929 64 bit (AMD64)]",
        "command_line_arguments": "C:\\AI_2025\\AI_PROJECT2025\\AI_Project2025\\venv\\Scripts\\mlagents-learn --run-id=test9",
        "mlagents_version": "0.30.0",
        "mlagents_envs_version": "0.30.0",
        "communication_protocol_version": "1.5.0",
        "pytorch_version": "2.6.0+cpu",
        "numpy_version": "1.21.2",
        "end_time_seconds": "1741464184"
    },
    "total": 1433.7682075999999,
    "count": 1,
    "self": 0.0068434999998316925,
    "children": {
        "run_training.setup": {
            "total": 0.040811300000000106,
            "count": 1,
            "self": 0.040811300000000106
        },
        "TrainerController.start_learning": {
            "total": 1433.7205528,
            "count": 1,
            "self": 3.922189900030162,
            "children": {
                "TrainerController._reset_env": {
                    "total": 15.949196800000001,
                    "count": 1,
                    "self": 15.949196800000001
                },
                "TrainerController.advance": {
                    "total": 1413.61418339997,
                    "count": 180618,
                    "self": 3.175141700034601,
                    "children": {
                        "env_step": {
                            "total": 1355.9364669999848,
                            "count": 180618,
                            "self": 1095.8731527999807,
                            "children": {
                                "SubprocessEnvManager._take_step": {
                                    "total": 257.6790490000185,
                                    "count": 180620,
                                    "self": 9.115133799996045,
                                    "children": {
                                        "TorchPolicy.evaluate": {
                                            "total": 248.56391520002245,
                                            "count": 178295,
                                            "self": 248.56391520002245
                                        }
                                    }
                                },
                                "workers": {
                                    "total": 2.384265199985382,
                                    "count": 180617,
                                    "self": 0.0,
                                    "children": {
                                        "worker_root": {
                                            "total": 1332.8162775999988,
                                            "count": 180617,
                                            "is_parallel": true,
                                            "self": 481.9637516000238,
                                            "children": {
                                                "steps_from_proto": {
                                                    "total": 0.0012434000000052237,
                                                    "count": 3,
                                                    "is_parallel": true,
                                                    "self": 0.0006282000000048527,