{
    "name": "root",
    "metadata": {
        "timer_format_version": "0.1.0",
        "start_time_seconds": "1742320758",
        "python_version": "3.9.13 (tags/v3.9.13:6de2ca5, May 17 2022, 16:36:42) [MSC v.1929 64 bit (AMD64)]",
        "command_line_arguments": "C:\\AI_2025\\AI_PROJECT2025\\AI_Project2025\\venv\\Scripts\\mlagents-learn --run-id=LATEST2",
        "mlagents_version": "0.30.0",
        "mlagents_envs_version": "0.30.0",
        "communication_protocol_version": "1.5.0",
        "pytorch_version": "2.6.0+cu126",
        "numpy_version": "1.21.2",
        "end_time_seconds": "1742320873"
    },
    "total": 114.8747771,
    "count": 1,
    "self": 0.0063403000000050724,
    "children": {
        "run_training.setup": {
            "total": 0.04019249999999985,
            "count": 1,
            "self": 0.04019249999999985
        },
        "TrainerController.start_learning": {
            "total": 114.8282443,
            "count": 1,
            "self": 0.01957360000000108,
            "children": {
                "TrainerController._reset_env": {
                    "total": 17.688475699999998,
                    "count": 1,
                    "self": 17.688475699999998
                },
                "TrainerController.advance": {
                    "total": 96.9968408,
                    "count": 984,
                    "self": 0.01701849999996341,
                    "children": {
                        "env_step": {
                            "total": 96.85771330000001,
                            "count": 984,
                            "self": 93.42396900000008,
                            "children": {
                                "SubprocessEnvManager._take_step": {
                                    "total": 3.42218390000005,
                                    "count": 984,
                                    "self": 0.058266100000025745,
                                    "children": {
                                        "TorchPolicy.evaluate": {
                                            "total": 3.3639178000000243,
                                            "count": 984,
                                            "self": 3.3639178000000243
                                        }
                                    }
                                },
                                "workers": {
                                    "total": 0.011560399999876125,
                                    "count": 983,
                                    "self": 0.0,
                                    "children": {
                                        "worker_root": {
                                            "total": 13.159597900000037,
                                            "count": 983,
                                            "is_parallel": true,
                                            "self": 6.448564000000015,
                                            "children": {
                                                "steps_from_proto": {
                                                    "total": 0.00047160000000090463,
                                                    "count": 1,
                                                    "is_parallel": true,
                                                    "self": 0.00023509999999937747,
                                                    "children": {
                                                        "_process_rank_one_or_two_observation": {
                                                            "total": 0.00023650000000152716,
                                                            "count": 2,
                                                            "is_parallel": true,
                                                            "self": 0.00023650000000152716
                                                        }
                                                    }
                                                },
                                                "UnityEnvironment.step": {
                                                    "total": 6.710562300000021,
                                                    "count": 983,
                                                    "is_parallel": true,
                                                    "self": 0.070674000000011,
                                                    "children": {
                                                        "UnityEnvironment._generate_step_input": {
                                                            "total": 0.0693543000000254,
                                                            "count": 983,
                                                            "is_parallel": true,
                                                            "self": 0.0693543000000254
                                                        },
                                                        "communicator.exchange": {
                                                            "total": 6.322372200000007,
                                                            "count": 983,
                                                            "is_parallel": true,
                                                            "self": 6.322372200000007
                                                        },
                                                        "steps_from_proto": {
                                                            "total": 0.248161799999977,
                                                            "count": 983,
                                                            "is_parallel": true,
                                                            "self": 0.15161529999989298,
                                                            "children": {
                                                                "_process_rank_one_or_two_observation": {
                                                                    "total": 0.09654650000008402,
                                                                    "count": 1966,
                                                                    "is_parallel": true,
                                                                    "self": 0.09654650000008402
                                                                }
                                                            }
                                                        }
                                                    }
                                                }
                                            }
                                        }
                                    }
                                }
                            }
                        },
                        "trainer_advance": {
                            "total": 0.12210900000002667,
                            "count": 983,
                            "self": 0.023284300000021574,
                            "children": {
                                "process_trajectory": {
                                    "total": 0.0988247000000051,
                                    "count": 983,
                                    "self": 0.0988247000000051
                                }
                            }
                        }
                    }
                },
                "TrainerController._save_models": {
                    "total": 0.12335419999999431,
                    "count": 1,
                    "self": 0.009239399999998454,
                    "children": {
                        "RLTrainer._checkpoint": {
                            "total": 0.11411479999999585,
                            "count": 1,