{
    "name": "root",
    "metadata": {
        "timer_format_version": "0.1.0",
        "start_time_seconds": "1741525265",
        "python_version": "3.9.13 (tags/v3.9.13:6de2ca5, May 17 2022, 16:36:42) [MSC v.1929 64 bit (AMD64)]",
        "command_line_arguments": "C:\\AI_2025\\AI_PROJECT2025\\AI_Project2025\\venv\\Scripts\\mlagents-learn --run-id=gay --resume",
        "mlagents_version": "0.30.0",
        "mlagents_envs_version": "0.30.0",
        "communication_protocol_version": "1.5.0",
        "pytorch_version": "2.6.0+cu126",
        "numpy_version": "1.21.2",
        "end_time_seconds": "1741525297"
    },
    "total": 32.120420200000005,
    "count": 1,
    "self": 0.0067928000000065936,
    "children": {
        "run_training.setup": {
            "total": 0.05164089999999977,
            "count": 1,
            "self": 0.05164089999999977
        },
        "TrainerController.start_learning": {
            "total": 32.061986499999996,
            "count": 1,
            "self": 0.010859700000025896,
            "children": {
                "TrainerController._reset_env": {
                    "total": 11.555231,
                    "count": 1,
                    "self": 11.555231
                },
                "TrainerController.advance": {
                    "total": 20.325909399999972,
                    "count": 534,
                    "self": 0.009506399999995807,
                    "children": {
                        "env_step": {
                            "total": 20.256063799999964,
                            "count": 534,
                            "self": 18.242274899999913,
                            "children": {
                                "SubprocessEnvManager._take_step": {
                                    "total": 2.0073970000000134,
                                    "count": 534,
                                    "self": 0.033400299999998495,
                                    "children": {
                                        "TorchPolicy.evaluate": {
                                            "total": 1.973996700000015,
                                            "count": 534,
                                            "self": 1.973996700000015
                                        }
                                    }
                                },
                                "workers": {
                                    "total": 0.0063919000000378645,
                                    "count": 533,
                                    "self": 0.0,
                                    "children": {
                                        "worker_root": {
                                            "total": 9.118399500000038,
                                            "count": 533,
                                            "is_parallel": true,
                                            "self": 5.23990910000008,
                                            "children": {
                                                "steps_from_proto": {
                                                    "total": 0.00039160000000038053,
                                                    "count": 1,
                                                    "is_parallel": true,
                                                    "self": 0.00022230000000078576,
                                                    "children": {
                                                        "_process_rank_one_or_two_observation": {
                                                            "total": 0.00016929999999959477,
                                                            "count": 2,
                                                            "is_parallel": true,
                                                            "self": 0.00016929999999959477
                                                        }
                                                    }
                                                },
                                                "UnityEnvironment.step": {
                                                    "total": 3.8780987999999574,
                                                    "count": 533,
                                                    "is_parallel": true,
                                                    "self": 0.03928339999986896,
                                                    "children": {
                                                        "UnityEnvironment._generate_step_input": {
                                                            "total": 0.039085900000058516,
                                                            "count": 533,
                                                            "is_parallel": true,
                                                            "self": 0.039085900000058516
                                                        },
                                                        "communicator.exchange": {
                                                            "total": 3.6609933999999935,
                                                            "count": 533,
                                                            "is_parallel": true,
                                                            "self": 3.6609933999999935
                                                        },
                                                        "steps_from_proto": {
                                                            "total": 0.13873610000003644,
                                                            "count": 533,
                                                            "is_parallel": true,
                                                            "self": 0.0845084999999699,
                                                            "children": {
                                                                "_process_rank_one_or_two_observation": {
                                                                    "total": 0.054227600000066545,
                                                                    "count": 1066,
                                                                    "is_parallel": true,
                                                                    "self": 0.054227600000066545
                                                                }
                                                            }
                                                        }
                                                    }
                                                }
                                            }
                                        }
                                    }
                                }
                            }
                        },
                        "trainer_advance": {
                            "total": 0.06033920000001203,
                            "count": 533,
                            "self": 0.012471400000013233,
                            "children": {
                                "process_trajectory": {
                                    "total": 0.047867799999998795,
                                    "count": 533,
                                    "self": 0.047867799999998795
                                }
                            }
                        }
                    }
                },
                "trainer_threads": {
                    "total": 1.300000000981072e-06,
                    "count": 1,
                    "self": 1.300000000981072e-06
                },
                "TrainerController._save_models": {
                    "total": 0.1699850999999981,
                    "count": 1,
                    "self": 0.01229439999999471,